<?xml version="1.0" encoding="UTF-8"?>
<project-private xmlns="http://www.netbeans.org/ns/project-private/1">
    <editor-bookmarks xmlns="http://www.netbeans.org/ns/editor-bookmarks/2" lastBookmarkId="0"/>
    <open-files xmlns="http://www.netbeans.org/ns/projectui-open-files/2">
        <group>
            <file>file:/G:/My%20files/Amr/Fci-Cairo/Level%204/Term%201/Internet%20Applications/IA-Project/SurveyMaker_WebApp/src/java/Entities/Question.java</file>
            <file>file:/G:/My%20files/Amr/Fci-Cairo/Level%204/Term%201/Internet%20Applications/IA-Project/SurveyMaker_WebApp/src/java/Servlets/SurveyServlet.java</file>
            <file>file:/G:/My%20files/Amr/Fci-Cairo/Level%204/Term%201/Internet%20Applications/IA-Project/SurveyMaker_WebApp/src/java/Models/QuestionModel.java</file>
            <file>file:/G:/My%20files/Amr/Fci-Cairo/Level%204/Term%201/Internet%20Applications/IA-Project/SurveyMaker_WebApp/web/Survey/AddSurvey.jsp</file>
            <file>file:/G:/My%20files/Amr/Fci-Cairo/Level%204/Term%201/Internet%20Applications/IA-Project/SurveyMaker_WebApp/src/java/Servlets/AuthenticationServlet.java</file>
        </group>
    </open-files>
</project-private>
